Opel Corsa,136 200 zl,2 km,"136 KM • Elektryczna Elegance, 2022r. Elektryk !",https://www.otomoto.pl/osobowe/oferta/opel-corsa-elektryczna-elegance-2022r-elektryk-ID6G3tqK.html,https://ireland.apollo.olxcdn.com/v1/files/eyJmbiI6IjN6dGVmdDh0azMxMjEtT1RPTU9UT1BMIn0.h0wo9JVsBud2TlCUef9b_rcWxAsCB-LmCjWoqcPY2OQ/image;s=320x240
Opel Corsa Corsa-e GS,134 600 zl,5 km,136 KM • e GS 136 KM 50 kWh Finansowanie 0% Od ręki !! 2023 !!,https://www.otomoto.pl/osobowe/oferta/opel-corsa-e-gs-136-km-50-kwh-finansowanie-0-od-reki-2023-ID6Fx8KC.html,https://ireland.apollo.olxcdn.com/v1/files/eyJmbiI6IjRyeHAwcWs0aW1uajMtT1RPTU9UT1BMIn0.dmfMEEkYhT8WfTqcK86Vzx1yCJhk7ACpA9euuBLhAz8/image;s=320x240
Opel Corsa Corsa-e Elegance,133 737 zl,3 km,136 KM • Corsa-e Elegance,https://www.otomoto.pl/osobowe/oferta/opel-corsa-corsa-e-elegance-ID6FBW6k.html,https://ireland.apollo.olxcdn.com/v1/files/eyJmbiI6Ind5bnk0MWdpbm02cTItT1RPTU9UT1BMIn0.975a6AoNy1eLACFWFj9WUxwbuRv5nBEDytTPN9-L5Rc/image;s=320x240
OPEL Corsa 1.4 Enjoy,39 900 zl,179 567 km,1398 cm3,"https://otomotoklik.pl/oferta/W0V0XEP68K4354123?product=lease&contractPeriod=72&utm_source=otomoto&utm_medium=native&utm_campaign=listing&utm_term=opel-corsa-1.4-enjoy,opel,,,,,,,,,,,,,,,,&utm_campaign_id=1-4",https://cdn.otomotoklik.pl/static/W0V0XEP68K4354123/vc/exterior-closed_nr_001_small.jpg
Opel Corsa Corsa-e GS Line,129 700 zl,2 200 km,136 KM • e GS 136 KM 50 kWh od ręki !! 2022 !!,https://www.otomoto.pl/osobowe/oferta/opel-corsa-e-gs-136-km-50-kwh-od-reki-2022-ID6Fmgi1.html,https://ireland.apollo.olxcdn.com/v1/files/eyJmbiI6Imt2MWcyeG5paGY1cDItT1RPTU9UT1BMIn0.KXsCRlXh9yZT_-JDCcjFvgGC75BtHpyCAfSOxFKfKqE/image;s=320x240
Opel Corsa Corsa-e GS,114 500 zl,5 km,136 KM • CORSA-E GS 50kWh 136KM,https://www.otomoto.pl/osobowe/oferta/opel-corsa-corsa-e-gs-50kwh-136km-ID6FPbtf.html,https://ireland.apollo.olxcdn.com/v1/files/eyJmbiI6InF5NmZ1cmwwcXJqbDEtT1RPTU9UT1BMIn0.fshicNTMvJ9uvZCIWdwwVcsEoDZCRqq4QrjgHIGryVg/image;s=320x240
Opel Corsa Corsa-e Edition,104 950 zl,2 km,136 KM • / Najtańszy elektryk w regionie! / Fabrycznie nowy! / Atrakcyjny rabat,https://www.otomoto.pl/osobowe/oferta/opel-corsa-najtanszy-elektryk-w-regionie-fabrycznie-nowy-atrakcyjny-rabat-ID6G0deJ.html,https://ireland.apollo.olxcdn.com/v1/files/eyJmbiI6Im9uOXd5aXQzNWF2ZS1PVE9NT1RPUEwifQ.1FBeM78D5MzXcywqcOQgmYnPRdWYBm2R3czPAwSZx_A/image;s=320x240
Opel Corsa Corsa-e Ultimate Pack,95 900 zl,8 000 km,"136 KM • Jak nowa, Ultimate-najbogatsza, Gwarancja Vat23%",https://www.otomoto.pl/osobowe/oferta/opel-corsa-jak-nowa-ultimate-najbogatsza-gwarancja-vat23-ID6FZRBN.html,https://ireland.apollo.olxcdn.com/v1/files/eyJmbiI6IjJrMjcwZTd3Z3Jsei1PVE9NT1RPUEwifQ.3jLLdkOBh4XuBCbbsHoHKuAFOtpUYtWuQoRl8qiOjDU/image;s=320x240
Opel Corsa 1.2 S&S,88 000 zl,1 km,1 199 cm3 • 100 KM • Opel NOWA Corsa poliftowa - Corsa w nowoczesnym wydaniu,https://www.otomoto.pl/osobowe/oferta/opel-corsa-opel-nowa-corsa-poliftowa-corsa-w-nowoczesnym-wydaniu-ID6FUK0k.html,https://ireland.apollo.olxcdn.com/v1/files/eyJmbiI6Ind3NWtvb2lzZzg3ajEtT1RPTU9UT1BMIn0.Q4DwGBrE5LQSmwuhPVcLA_k7AO4-qGqPMd4YoqaGluc/image;s=320x240
OPEL Corsa 1.2 S&S,48 900 zl,82 664 km,1199 cm3,"https://otomotoklik.pl/oferta/VXKUPHMHDL4435525?product=lease&contractPeriod=72&utm_source=otomoto&utm_medium=native&utm_campaign=listing&utm_term=opel-corsa-1.2-s&s,opel,,,,,,,,,,,,,,,,&utm_campaign_id=1-10",https://cdn.otomotoklik.pl/static/VXKUPHMHDL4435525/vc/exterior-closed_nr_000_small.jpg
Opel Corsa 1.2 S&S GS,87 500 zl,5 km,1 199 cm3 • 100 KM • GS Automat Martwe Pole Opel Puławska,https://www.otomoto.pl/osobowe/oferta/opel-corsa-gs-automat-martwe-pole-opel-pulawska-ID6G3KYi.html,https://ireland.apollo.olxcdn.com/v1/files/eyJmbiI6Iml1cThyOTljZzI2NDItT1RPTU9UT1BMIn0.3bbIXYZp2APkTdiM7ZE5I7fBspAeyNVm4juq3stqp4E/image;s=320x240
Opel Corsa,79 999 zl,5 km,1 199 cm3 • 100 KM • Nowy Model Od Ręki 100KM Opel Ursynów,https://www.otomoto.pl/osobowe/oferta/opel-corsa-nowy-model-od-reki-100km-opel-ursynow-ID6FRM5U.html,https://ireland.apollo.olxcdn.com/v1/files/eyJmbiI6IjRnc3BkM2d1YjUxdTMtT1RPTU9UT1BMIn0.OkWtlPG7HRFBFwfz-F7uxUiGmnPReKBL7cCzaOaylLE/image;s=320x240
Opel Corsa 1.2 S&S,79 990 zl,3 km,1 199 cm3 • 100 KM • Corsa 1.2 Turbo 100KM MT6 S/S,https://www.otomoto.pl/osobowe/oferta/opel-corsa-corsa-1-2-turbo-100km-mt6-s-s-ID6G1CWE.html,https://ireland.apollo.olxcdn.com/v1/files/eyJmbiI6Ijdpczc0ZDZwYmN2ai1PVE9NT1RPUEwifQ.FFPK4-uRIb2hchLx_mdvduDCW15i9E8z6AlgyWAEqEo/image;s=320x240
Opel Corsa 1.2 GS S&S,79 900 zl,15 km,1 199 cm3 • 100 KM • Wyprzedaż * Od Dealera* Salon Polska * FV,https://www.otomoto.pl/osobowe/oferta/opel-corsa-wyprzedaz-od-dealera-salon-polska-fv-ID6FMmqL.html,https://ireland.apollo.olxcdn.com/v1/files/eyJmbiI6IjNpdnJiajQzYTR2dTMtT1RPTU9UT1BMIn0.4hbsseRpp7yVappBy18MMIDBo-iAdRGng2gfZ_hnYdA/image;s=320x240
Opel Corsa 1.2 Elegance S&S,78 900 zl,1 200 km,1 199 cm3 • 100 KM • !! Rata od 950zł !! Wyprzedaż * Od Dealera* Salon Polska * FV,https://www.otomoto.pl/osobowe/oferta/opel-corsa-rata-od-950zl-wyprzedaz-od-dealera-salon-polska-fv-ID6FMmAX.html,https://ireland.apollo.olxcdn.com/v1/files/eyJmbiI6Imw1NGtubTdjOGFrajMtT1RPTU9UT1BMIn0.ejZ1f7yqRbi6lg7kiaOJW6wcHwtU9MEnX7YyD1hg3O0/image;s=320x240
OPEL Corsa 1.2 Edition S&S,49 900 zl,78 560 km,1199 cm3,"https://otomotoklik.pl/oferta/VXKUPHMHDL4219921?product=lease&contractPeriod=72&utm_source=otomoto&utm_medium=native&utm_campaign=listing&utm_term=opel-corsa-1.2-edition-s&s,opel,,,,,,,,,,,,,,,,&utm_campaign_id=1-16",https://cdn.otomotoklik.pl/static/VXKUPHMHDL4219921/vc/exterior-closed_nr_001_small.jpg
Opel Corsa 1.2 S&S,78 900 zl,2 km,1 199 cm3 • 100 KM • ~~NOWA CORSA~~ 1.2 Turbo 100KM MT6 S/S,https://www.otomoto.pl/osobowe/oferta/opel-corsa-nowa-corsa-1-2-turbo-100km-mt6-s-s-ID6FTOEi.html,https://ireland.apollo.olxcdn.com/v1/files/eyJmbiI6Im1zZGhnM3dtdjBsei1PVE9NT1RPUEwifQ.rFWL-UQqi6DjVS9_GV-3J83t21pWg8oWtl8xEwjv7iE/image;s=320x240
Opel Corsa 1.2 S&S,76 990 zl,1 km,1 199 cm3 • 100 KM • 1.2 Turbo 100KM MT6,https://www.otomoto.pl/osobowe/oferta/opel-corsa-1-2-turbo-100km-mt6-ID6FZPF4.html,https://ireland.apollo.olxcdn.com/v1/files/eyJmbiI6IjJlbjY5OGw1M3l1bTMtT1RPTU9UT1BMIn0.kE4TkilvO7FeL92B32VL67RtlLqgJSnsPxlWm986TXs/image;s=320x240
Opel Corsa 1.2 GS S&S,76 900 zl, 600 km,1 199 cm3 • 100 KM • GS 1.2 Turbo 100KM! Od ręki!,https://www.otomoto.pl/osobowe/oferta/opel-corsa-gs-1-2-turbo-100km-od-reki-ID6FHCAr.html,https://ireland.apollo.olxcdn.com/v1/files/eyJmbiI6ImJ1bTd3d3F4YzRtMDItT1RPTU9UT1BMIn0.JiKmZ-embYzm8oGmuQiqj6UesCe1x3yGMybCLW5ZSB4/image;s=320x240
Opel Corsa 1.2 S&S,75 200 zl,2 km,1 199 cm3 • 75 KM • Corsa 1.2 75 KM od ręki!,https://www.otomoto.pl/osobowe/oferta/opel-corsa-corsa-1-2-75-km-od-reki-ID6G0EsX.html,https://ireland.apollo.olxcdn.com/v1/files/eyJmbiI6IjRheGl5aXRkZnAxdTMtT1RPTU9UT1BMIn0.9IrhSjUkQ-r2ga4h57IfWuY2vx1QVXQE1nWyr5YjAV4/image;s=320x240
Opel Corsa,73 500 zl,2 km,1 199 cm3 • 75 KM • Nowy Opel Corsa 1.2 75KM MT5,https://www.otomoto.pl/osobowe/oferta/opel-corsa-nowy-opel-corsa-1-2-75km-mt5-ID6FWZOF.html,https://ireland.apollo.olxcdn.com/v1/files/eyJmbiI6InBubTh4YjMwYW94aC1PVE9NT1RPUEwifQ.9H94rFsRf6MxfspzwvSsfofD8ml5lcNOho_XCFWVJqQ/image;s=320x240
Opel Corsa 1.2 S&S,72 790 zl,Benzyna,1 199 cm3 • 75 KM • Corsa 1.2 75KM MT5 S/S,https://www.otomoto.pl/osobowe/oferta/opel-corsa-corsa-1-2-75km-mt5-s-s-ID6G0WL5.html,https://ireland.apollo.olxcdn.com/v1/files/eyJmbiI6InNjc2lvd2F0Z2N2YjMtT1RPTU9UT1BMIn0.Psopw-vfgAtKJucD2QFEuIIUHrC9Ack3SzihKUKy58g/image;s=320x240
Opel Corsa 1.2 S&S,69 999 zl,1 km,1 199 cm3 • 75 KM • 1.2 75KM Czujniki cofania Klimatyzacja Bluetooth,https://www.otomoto.pl/osobowe/oferta/opel-corsa-1-2-75km-czujniki-cofania-klimatyzacja-bluetooth-ID6FxRYm.html,https://ireland.apollo.olxcdn.com/v1/files/eyJmbiI6ImVsZHphbjd4dGxyYzMtT1RPTU9UT1BMIn0.uDUX2waJAYYnABxohwVieefVKrD-OqAIETqux7bV0dM/image;s=320x240
Opel Corsa,69 900 zl,9 431 km,"1 199 cm3 • 75 KM • Edition, 2022r. Gwarancja do 08.2027!",https://www.otomoto.pl/osobowe/oferta/opel-corsa-edition-2022r-gwarancja-do-08-2027-ID6G2m7V.html,https://ireland.apollo.olxcdn.com/v1/files/eyJmbiI6Im8zcG5pOWZqY2MyYjEtT1RPTU9UT1BMIn0.plH253LcDMhn055RzkjepGzSaO6IqG4XBlrBxHmpMBg/image;s=320x240
Opel Corsa 1.2 Elegance Business Pack S&S,69 800 zl,11 100 km,1 199 cm3 • 100 KM • Opel Corsa 1.2 Elegance automat 100kM,https://www.otomoto.pl/osobowe/oferta/opel-corsa-opel-corsa-1-2-elegance-automat-100km-ID6G1bAC.html,https://ireland.apollo.olxcdn.com/v1/files/eyJmbiI6InplbWQ4cmhqaDFlMjItT1RPTU9UT1BMIn0.PIgsUOJL03AjS2aUJp8vSVMYhF8BPj4UPohZk0PEB-M/image;s=320x240
Opel Corsa,67 900 zl,1 km,1 199 cm3 • 75 KM • 1.2 75KM Czujniki Bluetooth,https://www.otomoto.pl/osobowe/oferta/opel-corsa-1-2-75km-czujniki-bluetooth-ID6FLJJV.html,https://ireland.apollo.olxcdn.com/v1/files/eyJmbiI6IjhtNGI0b2x0NmVsdTMtT1RPTU9UT1BMIn0.S0NcVow9EIQejswKa4gpUyfIYzx2TfKX2B6yCx8Ia6o/image;s=320x240
Opel Corsa 1.2 S&S,66 000 zl,2 km,1 / 6,https://www.otomoto.pl/osobowe/oferta/opel-corsa-1-2-benzyna-75km-podgrzewana-kierownica-ID6FQkC2.html,https://ireland.apollo.olxcdn.com/v1/files/eyJmbiI6Ijg1ZG5kZHI2aDZwNDItT1RPTU9UT1BMIn0.r7uoY98bgc1ONANVl_CHF6_qBGLANd6qZWJRkNetMbA/image;s=644x461
Opel Corsa,65 900 zl,5 km,1 / 6,https://www.otomoto.pl/osobowe/oferta/opel-corsa-ID6FQGQv.html,https://ireland.apollo.olxcdn.com/v1/files/eyJmbiI6InNvdnM0YzlmMGRpMTItT1RPTU9UT1BMIn0.Zf9WZ_8TYJg7Y7IpEcqIWDLad68rw4UCB7v0nUNhzos/image;s=644x461
Opel Corsa 1.2 Elegance Business Pack S&S,65 000 zl,10 000 km,1 199 cm3 • 100 KM • Corsa F EDYTIONE Full LED 101PS ! Jak Nowy ! 10 000 KM !,https://www.otomoto.pl/osobowe/oferta/opel-corsa-corsa-f-edytione-full-led-101ps-jak-nowy-10-000-km-ID6G2z4A.html,https://ireland.apollo.olxcdn.com/v1/files/eyJmbiI6ImU1aWc4amI0cmozbTEtT1RPTU9UT1BMIn0.QP2yHzYPFpOLsCdGMFiEpnxOnxB-MhZfn63r7tYUSWU/image;s=320x240
Opel Mokka,64 900 zl,29 000 km,1 399 cm3 • 152 KM • BUICK ENCORE 4x4 1.4t automat bogata wersja niski przebieg,https://www.otomoto.pl/osobowe/oferta/opel-mokka-buick-encore-4x4-1-4t-automat-bogata-wersja-niski-przebieg-ID6FXJ0G.html,https://ireland.apollo.olxcdn.com/v1/files/eyJmbiI6ImQzNnN1NGw1N2pnZzMtT1RPTU9UT1BMIn0.ygJuCAupeugTrsTqJqBf_kd5Cuygn8RDO9YIx0_tyxM/image;s=320x240
Opel Corsa 1.2 Start/Stop Edition,64 900 zl,5 000 km,1 199 cm3 • 75 KM • Nawigacja-Full Led-Kamera-Bezwypadek-Pełny serwis-Pachnie Nowością,https://www.otomoto.pl/osobowe/oferta/opel-corsa-nawigacja-full-led-kamera-bezwypadek-pelny-serwis-pachnie-nowoscia-ID6G3mwy.html,https://ireland.apollo.olxcdn.com/v1/files/eyJmbiI6ImN6Y2g3OXYxZ2ZzbTMtT1RPTU9UT1BMIn0.aR7d6dM5ukIlgvb4197k5WI7x5VpEEOK-4J-Vo5lwYs/image;s=320x240
Opel Corsa 1.2 S&S,64 700 zl,5 km,1 199 cm3 • 75 KM • Wyprzedaż 2023 !! Kredyt 0% !!,https://www.otomoto.pl/osobowe/oferta/opel-corsa-wyprzedaz-2023-kredyt-0-ID6FVUvx.html,https://ireland.apollo.olxcdn.com/v1/files/eyJmbiI6IjB6OTZoZnJ1emh1OTItT1RPTU9UT1BMIn0.2ZX1P_HNG6G67Fo2TWVfcV4MNf8Koq_AEgTHOnXf82E/image;s=320x240
Opel Crossland X 1.2 Enjoy,62 900 zl,44 879 km,1 199 cm3 • 81 KM • Pierwszy właściciel! Jak nowy! Android auto! LED! Tempomat!,https://www.otomoto.pl/osobowe/oferta/opel-crossland-x-pierwszy-wlasciciel-jak-nowy-android-auto-led-tempomat-ID6FPtnL.html,https://ireland.apollo.olxcdn.com/v1/files/eyJmbiI6IjdmaHlocnYxamxqMDEtT1RPTU9UT1BMIn0.RgT1AbmTtlPJNtkJ7PP4Aj5rRRHP9QVJ6YwX-azmfqg/image;s=320x240
Opel Corsa 1.2 GS Line Plus Pack S&S,61 900 zl,24 076 km,1 199 cm3 • 100 KM • GS Line 24tyś przebiegu 1.2 100KM 6biegów,https://www.otomoto.pl/osobowe/oferta/opel-corsa-gs-line-24tys-przebiegu-1-2-100km-6biegow-ID6G0aGm.html,https://ireland.apollo.olxcdn.com/v1/files/eyJmbiI6Imozazh2OHFlajRmbzMtT1RPTU9UT1BMIn0.BW6yvg05TnrmKjyoiRgSLHiSWmn2-C0CfAYxYhy67DU/image;s=320x240
Opel Corsa 1.2 Direct Inj Turbo Start/Stop Automatik Elegance,59 999 zl,48 000 km,1 199 cm3 • 100 KM • Black&White Automat 8 biegów 5 Drzwi 20r.,https://www.otomoto.pl/osobowe/oferta/opel-corsa-black-white-automat-8-biegow-5-drzwi-20r-ID6G0fTS.html,https://ireland.apollo.olxcdn.com/v1/files/eyJmbiI6IjVueXZhMXRmaWY4cy1PVE9NT1RPUEwifQ.cMlJMLYTULDiNI2jJ6okTm93nnWGY-jFCSeclhBoqI0/image;s=320x240
OPEL Astra V 1.4 T Enjoy,53 800 zl,121 759 km,1399 cm3,"https://otomotoklik.pl/oferta/W0VBD8EB7K8034405?product=lease&contractPeriod=72&utm_source=otomoto&utm_medium=native&utm_campaign=listing&utm_term=opel-astra-v-1.4-t-enjoy,opel,,,,,,,,,,,,,,,,&utm_campaign_id=1-undefined",https://cdn.otomotoklik.pl/static/W0VBD8EB7K8034405/vc/exterior-closed_nr_001_small.jpg
Opel Corsa 1.2 Edition S&S,59 900 zl,17 710 km,1 199 cm3 • 100 KM • Jak nowa NA GWARANCJI Alufelgi Android Auto Faktura VAT 23%,https://www.otomoto.pl/osobowe/oferta/opel-corsa-jak-nowa-na-gwarancji-alufelgi-android-auto-faktura-vat-23-ID6FTcYk.html,https://ireland.apollo.olxcdn.com/v1/files/eyJmbiI6ImRseGpmNzJtODJ6czItT1RPTU9UT1BMIn0.TsyjQwAobGD4qvijSYfaepwSwG8pW3iFMO_qc9xd18E/image;s=320x240
Opel Crossland X,59 900 zl,74 103 km,1 199 cm3 • 110 KM,https://www.otomoto.pl/osobowe/oferta/opel-crossland-x-ID6G2dhu.html,https://ireland.apollo.olxcdn.com/v1/files/eyJmbiI6Imk1Z3N3NXl4NXo5aDEtT1RPTU9UT1BMIn0.TsY7RmAbHP0R4rvI0ufD2kpHyYsR4HFJ9kpeDwtPJuQ/image;s=320x240
Opel Crossland 1.2 T GS Line Plus Pack,59 800 zl,12 000 km,"1 199 cm3 • 110 KM • GS line-Auto Jeździ, od 1 właściciela, model 2023",https://www.otomoto.pl/osobowe/oferta/opel-crossland-gs-line-auto-jezdzi-od-1-wlasciciela-model-2023-ID6G18p6.html,https://ireland.apollo.olxcdn.com/v1/files/eyJmbiI6ImYwdjY5djJ6aHlvdjMtT1RPTU9UT1BMIn0.NtFpMCWuHimLpdG9tSx9FnavJQAR4rwdUmqipNCX5Bo/image;s=320x240
OPEL Astra V 1.2 T Edition S&S,56 900 zl,118 905 km,1199 cm3,"https://otomotoklik.pl/oferta/W0VBD6ER0MG001644?product=lease&contractPeriod=72&utm_source=otomoto&utm_medium=native&utm_campaign=listing&utm_term=opel-astra-v-1.2-t-edition-s&s,opel,,,,,,,,,,,,,,,,&utm_campaign_id=2-4",https://cdn.otomotoklik.pl/static/W0VBD6ER0MG001644/vc/exterior-closed_nr_001_small.jpg
Opel Corsa 1.2 Edition S&S,58 900 zl,38 000 km,1 199 cm3 • 100 KM • Stan bardzo dobry,https://www.otomoto.pl/osobowe/oferta/opel-corsa-stan-bardzo-dobry-ID6FNHbo.html,https://ireland.apollo.olxcdn.com/v1/files/eyJmbiI6ImUyc2J4dDQ3djVlOS1PVE9NT1RPUEwifQ.z50K_NxGMyU8jAWaQofkRZGzHvDvAeMg-GaWiVov20M/image;s=320x240
Opel Corsa 1.2 Elegance Business Pack S&S,58 700 zl,7 000 km,1 199 cm3 • 75 KM • auto jak nowe z gwarancja*full led*navi*alu16*FAK VAT,https://www.otomoto.pl/osobowe/oferta/opel-corsa-auto-jak-nowe-z-gwarancjafull-lednavialu16fak-vat-ID6FHelq.html,https://ireland.apollo.olxcdn.com/v1/files/eyJmbiI6Im8xdHRwN2szMTE2ZTEtT1RPTU9UT1BMIn0.TY6giOJt9vAxnbBefP4w4c-cTHGTCybwKkCwFEgry04/image;s=320x240
Opel Astra V 1.4 T Enjoy,58 500 zl,38 081 km,"1 399 cm3 • 125 KM • Pierwszy właściciel, zadbany, serwisowany",https://www.otomoto.pl/osobowe/oferta/opel-astra-pierwszy-wlasciciel-zadbany-serwisowany-ID6G3zz7.html,https://ireland.apollo.olxcdn.com/v1/files/eyJmbiI6InBkNXV3a2Ezd2cwczEtT1RPTU9UT1BMIn0.XfMY69x8_R2zpvV1fp_ypFfLWxvgW-6taNuhB2-vOtk/image;s=320x240
Opel Adam 1.4 Turbo S,57 900 zl,44 840 km,1 364 cm3 • 150 KM • Turbo S! 1.4 benzyna 150 KM! Kubły RECARO! Tempomat! Czujniki!,https://www.otomoto.pl/osobowe/oferta/opel-adam-turbo-s-1-4-benzyna-150-km-kubly-recaro-tempomat-czujniki-ID6FPYib.html,https://ireland.apollo.olxcdn.com/v1/files/eyJmbiI6InNxaXo3djZ4bHljeDEtT1RPTU9UT1BMIn0.yEB_ANWUu3K3uJLtGkymhAefyLAMhXnMaUJu4xZ9uU8/image;s=320x240
Opel Corsa 1.2 Direct Injection Turbo Start/Stop GS Line,57 900 zl,19 000 km,1 199 cm3 • 100 KM • 1.2turbo GS Line Full LED Okazja! Zamiana,https://www.otomoto.pl/osobowe/oferta/opel-corsa-1-2turbo-gs-line-full-led-okazja-zamiana-ID6FO0uh.html,https://ireland.apollo.olxcdn.com/v1/files/eyJmbiI6Imo4MWV0YnVxcmRndi1PVE9NT1RPUEwifQ.7DjiC4irMsnyvg73TGesLLtKKIzUhJdr4oI8X08sDLY/image;s=320x240
OPEL Astra V 1.6 CDTI Elite S&S,57 900 zl,83 726 km,1598 cm3,"https://otomotoklik.pl/oferta/W0VBE8EF1K8017406?product=lease&contractPeriod=72&utm_source=otomoto&utm_medium=native&utm_campaign=listing&utm_term=opel-astra-v-1.6-cdti-elite-s&s,opel,,,,,,,,,,,,,,,,&utm_campaign_id=2-10",https://cdn.otomotoklik.pl/static/W0VBE8EF1K8017406/vc/exterior-closed_nr_001_small.jpg
Opel Crossland 1.2 Business Edition,57 800 zl,9 000 km,"1 199 cm3 • 83 KM • Jeździ ,lekko przód ,",https://www.otomoto.pl/osobowe/oferta/opel-crossland-jezdzi-lekko-przod-ID6G18pO.html,https://ireland.apollo.olxcdn.com/v1/files/eyJmbiI6InNtcjk3dmt0dWJmaDMtT1RPTU9UT1BMIn0.HOr4Vvoyqn5JqOoY_l84pcosA7GCD1zp5pZvbEoTmQI/image;s=320x240
Opel Mokka 1.4 T Cosmo,56 900 zl,142 000 km,1 364 cm3 • 140 KM • Cosmo+Xenon+Led+Navi+Kamera+Półskóra+Serwis,https://www.otomoto.pl/osobowe/oferta/opel-mokka-cosmo-xenon-led-navi-kamera-polskora-serwis-ID6FYJ2Y.html,https://ireland.apollo.olxcdn.com/v1/files/eyJmbiI6Im50NHowZ3ptYXVqOS1PVE9NT1RPUEwifQ.EqUGlV1khy4plie068l205PzV9yaCK_HaFjeLB5E4bw/image;s=320x240
Opel Corsa 1.2 GS Line Plus Pack S&S,56 800 zl,17 300 km,1 199 cm3 • 100 KM • GS 1.2 100KM LED AndroidAuto,https://www.otomoto.pl/osobowe/oferta/opel-corsa-gs-1-2-100km-led-androidauto-ID6FzxIg.html,https://ireland.apollo.olxcdn.com/v1/files/eyJmbiI6ImwwZWgwemNnanIzeS1PVE9NT1RPUEwifQ.3bxkrZfDHbhRezADQF-8ZD9PI3a9WvHmOYjgtI1VHPM/image;s=320x240
Opel Corsa 1.5 Diesel Start/Stop Ultimate,54 860 zl,50 188 km,1 499 cm3 • 102 KM • 5 Drzwi bogate wyposażenie FULL LED Kamera NAVI Piękny Stan ZOBACZ!,https://www.otomoto.pl/osobowe/oferta/opel-corsa-5-drzwi-bogate-wyposazenie-full-led-kamera-navi-piekny-stan-zobacz-ID6G1QDj.html,https://ireland.apollo.olxcdn.com/v1/files/eyJmbiI6ImJxeDdtZGJlanUwYTMtT1RPTU9UT1BMIn0.lTC-dP8rm6TUPbztFGSAqUyXKe8V0H-wUfec77HPFuQ/image;s=320x240
Opel Astra,54 500 zl,90 300 km,"1 399 cm3 • 125 KM • OPEL ASTRA, 125KM, turbo, podgrzewana kierownica, kamera cofania...",https://www.otomoto.pl/osobowe/oferta/opel-astra-opel-astra-125km-turbo-podgrzewana-kierownica-kamera-cofania-ID6FY0rj.html,https://ireland.apollo.olxcdn.com/v1/files/eyJmbiI6InpxcGEzdzA4ZTM4NC1PVE9NT1RPUEwifQ.nmryaF_M_tgYqrvtEIuycEMTqv-0ucxjf-E5G-858GQ/image;s=320x240
OPEL Corsa 1.2 S&S,71 900 zl,8 km,1199 cm3,"https://otomotoklik.pl/oferta/VXKUPHMHDP4079202?product=lease&contractPeriod=72&utm_source=otomoto&utm_medium=native&utm_campaign=listing&utm_term=opel-corsa-1.2-s&s,opel,,,,,,,,,,,,,,,,&utm_campaign_id=2-16",https://cdn.otomotoklik.pl/static/VXKUPHMHDP4079202/vc/exterior-closed_nr_001_small.jpg
Opel Astra V 1.4 T Enjoy,53 136 zl,83 109 km,1 399 cm3 • 125 KM,https://www.otomoto.pl/osobowe/oferta/opel-astra-ID6G0h1z.html,https://ireland.apollo.olxcdn.com/v1/files/eyJmbiI6InFzNDNjM3Y2Z25kczMtT1RPTU9UT1BMIn0.7Xd3mKB23JGILl01omXmVBU8-vS7vh2ecFSeb_XndUA/image;s=320x240
Opel Astra 1.4 Turbo Sports Tourer Business,52 904 zl,98 909 km,1 399 cm3 • 125 KM • Kamera-Navi-Oryginał lakier-Pełny serwis-Bezwypadkowa 98tys przebiegu,https://www.otomoto.pl/osobowe/oferta/opel-astra-kamera-navi-oryginal-lakier-pelny-serwis-bezwypadkowa-98tys-przebiegu-ID6FNQEs.html,https://ireland.apollo.olxcdn.com/v1/files/eyJmbiI6ImFveTNxaWpicGQzNy1PVE9NT1RPUEwifQ.8xesik_3S0hn1VPIzoUYn8DiDnW9IQoPlHcBPQK045E/image;s=320x240
Opel Corsa 1.2 Elegance S&S,52 900 zl,7 320 km,1 199 cm3 • 75 KM • Okazja Opel Corsa F Full Led,https://www.otomoto.pl/osobowe/oferta/opel-corsa-okazja-opel-corsa-f-full-led-ID6FNxjB.html,https://ireland.apollo.olxcdn.com/v1/files/eyJmbiI6InpwamhybDNkdnA5eTEtT1RPTU9UT1BMIn0.lyF9EIOKgkLiOTVzaT3_gm8IX8SC4wuRSWFoOo3r2RQ/image;s=320x240
Opel Astra V 1.4 T Enjoy,52 850 zl,122 000 km,1 399 cm3 • 125 KM • 1.4T^125Ps#Salon Polska^100%ASO Opel#Pierwszy Włascicieł,https://www.otomoto.pl/osobowe/oferta/opel-astra-1-4t125ps-salon-polska100-aso-opel-pierwszy-wlasciciel-ID6G0NoA.html,https://ireland.apollo.olxcdn.com/v1/files/eyJmbiI6InN2b2RrbWZjb3RucDEtT1RPTU9UT1BMIn0.gM-XqDML_CB06kC3ZbkJMAuOg9VV4L20-RtBdOYdRGw/image;s=320x240
Opel Corsa 1.2 Elegance S&S,51 900 zl,44 000 km,"1 199 cm3 • 75 KM • Jak nowa, Serwisowana, śliczna",https://www.otomoto.pl/osobowe/oferta/opel-corsa-jak-nowa-serwisowana-sliczna-ID6G2hHg.html,https://ireland.apollo.olxcdn.com/v1/files/eyJmbiI6ImV1ZHlqdXV2NzlnNy1PVE9NT1RPUEwifQ.BRO568DjKz1zVOytYfE3LWDNQfKo3oURJsb8J29wf74/image;s=320x240
Opel Corsa 1.2 Edition S&S,50 900 zl,44 900 km,"1 199 cm3 • 75 KM • Zadbany, Duża Nawigacja, Mulitfunkcja, Klima, Oszczędny Silnik",https://www.otomoto.pl/osobowe/oferta/opel-corsa-zadbany-duza-nawigacja-mulitfunkcja-klima-oszczedny-silnik-ID6EWIxI.html,https://ireland.apollo.olxcdn.com/v1/files/eyJmbiI6ImJ1ZGIyOXFxbG1taTEtT1RPTU9UT1BMIn0.7xe2lEGlxo-mNEHRCwerRR-fxbslXjsizY8hHDNL0bc/image;s=320x240
Opel Astra V 1.4 T Enjoy,50 500 zl,105 000 km,1 399 cm3 • 125 KM • Astra Salon Polska,https://www.otomoto.pl/osobowe/oferta/opel-astra-astra-salon-polska-ID6G3Gx6.html,https://ireland.apollo.olxcdn.com/v1/files/eyJmbiI6Imo4ZnYwa2RibWd0ei1PVE9NT1RPUEwifQ.h8ZE-PTm-fdfX7u-eVUMd9zHGS7uuV9bceZEBIWltmg/image;s=320x240
Opel Astra V 1.4 T GPF Dynamic,49 950 zl,24 000 km,1 399 cm3 • 125 KM • Salon Polsa Led Navi PodgrzewanaK Na Miejscu!,https://www.otomoto.pl/osobowe/oferta/opel-astra-salon-polsa-led-navi-podgrzewanak-na-miejscu-ID6FNAwC.html,https://ireland.apollo.olxcdn.com/v1/files/eyJmbiI6InYzMW1wZG8xc244ZC1PVE9NT1RPUEwifQ.hrCUTky4ReiUbMnqL7jEAdkB2pO7bU-687zVF13JfNQ/image;s=320x240
Opel Corsa 1.5 D Edition S&S,49 900 zl,112 700 km,1 499 cm3 • 102 KM • 1.5 Edition 102KM Salon PL ASO FV23%,https://www.otomoto.pl/osobowe/oferta/opel-corsa-1-5-edition-102km-salon-pl-aso-fv23-ID6G0y4t.html,https://ireland.apollo.olxcdn.com/v1/files/eyJmbiI6IjRtMHExcTRrMmZ1bTEtT1RPTU9UT1BMIn0.ip8iQE1enKdHZRpoHJ7O_pqdcVZdo0zgOE7vgqs3XvA/image;s=320x240
Opel Astra V 1.4 T Enjoy,49 800 zl,147 800 km,1 399 cm3 • 125 KM • Opel Astra 2019r,https://www.otomoto.pl/osobowe/oferta/opel-astra-opel-astra-2019r-ID6G1HAP.html,https://ireland.apollo.olxcdn.com/v1/files/eyJmbiI6ImNlZm4yYzBmbjRreTEtT1RPTU9UT1BMIn0.cj6Egqtvi4Z2Y4vh0FdKzEZ8nvKaXl-fPzXf02Vd-yo/image;s=320x240
Opel Corsa 1.2 Active,49 000 zl,26 000 km,"1 199 cm3 • 75 KM • Corsa F, jak nowa, faktura",https://www.otomoto.pl/osobowe/oferta/opel-corsa-corsa-f-jak-nowa-faktura-ID6G17av.html,https://ireland.apollo.olxcdn.com/v1/files/eyJmbiI6ImI2MzRlMHhzM2E4YjItT1RPTU9UT1BMIn0.INCy1CdXHFfcGbpFsmTsPlDrGrr8xLSI6v6FsaLoUCo/image;s=320x240
Opel Astra V 1.4 Enjoy,49 000 zl,68 000 km,1 399 cm3 • 100 KM • Opel Astra V,https://www.otomoto.pl/osobowe/oferta/opel-astra-opel-astra-v-ID6G2r3O.html,https://ireland.apollo.olxcdn.com/v1/files/eyJmbiI6InRhc2g4YnB2aXhmOTEtT1RPTU9UT1BMIn0.vriSWRW0PbDlhr-2axmslx1Q0iOOv6E4bjj-lC4ObEs/image;s=320x240
Opel Astra V 1.4 Enjoy,49 000 zl,69 000 km,1 399 cm3 • 100 KM • Opel Astra pierwszy właściciel,https://www.otomoto.pl/osobowe/oferta/opel-astra-opel-astra-pierwszy-wlasciciel-ID6FWi1k.html,https://ireland.apollo.olxcdn.com/v1/files/eyJmbiI6InR0NHpraW16eWhyaDItT1RPTU9UT1BMIn0.SD4IUah1BRFOg3F-MXQWN1AOkJM8uzAOQd_NKVy4U_Q/image;s=320x240
Opel Astra V 1.4 T Enjoy,49 000 zl,135 300 km,"1 399 cm3 • 125 KM • Opel Astra V 125KM, Salon Polska, Bezwypadkowy, FV",https://www.otomoto.pl/osobowe/oferta/opel-astra-opel-astra-v-125km-salon-polska-bezwypadkowy-fv-ID6FLdhJ.html,https://ireland.apollo.olxcdn.com/v1/files/eyJmbiI6Im41YzF1ZGc0aTRidDEtT1RPTU9UT1BMIn0.2RNyT0A5bFkfomc0WeDkKuEfaeSLBCuiPu8UTAXGlZw/image;s=320x240
Opel Corsa 1.2 Business S&S,48 500 zl,48 500 km,1 199 cm3 • 75 KM • Sprowadzona zarejestrowana Ubezpieczona na rok,https://www.otomoto.pl/osobowe/oferta/opel-corsa-sprowadzona-zarejestrowana-ubezpieczona-na-rok-ID6FIzv5.html,https://ireland.apollo.olxcdn.com/v1/files/eyJmbiI6ImZ4OHkyeXBmeHRyNzItT1RPTU9UT1BMIn0.yjbPIz6OaDYS9MV4QbhWHmoFpaoB7O7HGDnrTAnmyAM/image;s=320x240
Opel Astra 1.4 Turbo Dynamic,48 500 zl,108 000 km,1 399 cm3 • 125 KM • 1.4 Turbo Dynamic S&S,https://www.otomoto.pl/osobowe/oferta/opel-astra-1-4-turbo-dynamic-s-s-ID6FO4En.html,https://ireland.apollo.olxcdn.com/v1/files/eyJmbiI6ImlzYjg5dDF1bmsyNzEtT1RPTU9UT1BMIn0.NzKLPDhBNBw7S6SacwM1eZ9Kp-98FnIhLE_T8AFrvnc/image;s=320x240
Opel Corsa,48 000 zl,7 500 km,"1 229 cm3 • 70 KM • Sprzedam (jak nowy, z małym przebiegiem) samochód Opel Corsa.",https://www.otomoto.pl/osobowe/oferta/opel-corsa-sprzedam-jak-nowy-z-malym-przebiegiem-samochod-opel-corsa-ID6G29Ta.html,https://ireland.apollo.olxcdn.com/v1/files/eyJmbiI6IjdmbWFkOTEyNDMwaDMtT1RPTU9UT1BMIn0.26JiiZPODTI4RNqpxVA7Z-OSCtEbbwC6jkjeIfEDdOI/image;s=320x240
Opel Corsa,47 900 zl,114 653 km,1 499 cm3 • 102 KM • Opel Corsa 2021 rok Polska,https://www.otomoto.pl/osobowe/oferta/opel-corsa-opel-corsa-2021-rok-polska-ID6FXRGS.html,https://ireland.apollo.olxcdn.com/v1/files/eyJmbiI6Ijdtcnk2bDUyajltajItT1RPTU9UT1BMIn0.y7pVFswGVSmPedKry5hQBxtS1lw7E173yQqXsCxWNto/image;s=320x240
Opel Adam 1.4 Turbo S,47 900 zl,55 000 km,1 364 cm3 • 150 KM • Opel Adam Sport / Gwarancja Techniczna,https://www.otomoto.pl/osobowe/oferta/opel-adam-opel-adam-sport-gwarancja-techniczna-ID6FV2kF.html,https://ireland.apollo.olxcdn.com/v1/files/eyJmbiI6Ijk4Zms5YW41dWxycTItT1RPTU9UT1BMIn0.0-GESGkuT1qbx50Y94gRvFx70RJog-KuDRoNNjxAbR0/image;s=320x240
OPEL Corsa 1.2 Elegance S&S,67 850 zl,38 438 km,1199 cm3,"https://otomotoklik.pl/oferta/VXKUPHMHDL4210867?product=lease&contractPeriod=72&utm_source=otomoto&utm_medium=native&utm_campaign=listing&utm_term=opel-corsa-1.2-elegance-s&s,opel,,,,,,,,,,,,,,,,&utm_campaign_id=2-undefined",https://cdn.otomotoklik.pl/static/VXKUPHMHDL4210867/vc/exterior-closed_nr_001_small.jpg
Opel Astra V 1.4 T Enjoy,47 900 zl,164 000 km,1 / 6,https://www.otomoto.pl/osobowe/oferta/opel-astra-125km-android-auto-super-stan-1wl-salon-pl-fv23-we912xp-ID6G1BIj.html,https://ireland.apollo.olxcdn.com/v1/files/eyJmbiI6Inl1MWo1bXgzNmd2YS1PVE9NT1RPUEwifQ.RXSOmNOb1iDbh3uxUbMYRPXixTxEwK6jukeD2XM37O8/image;s=644x461
Opel Mokka,45 900 zl,12 000 km,1 200 cm3 • 130 KM • Opel Mokka 1.2 automat Full opcja,https://www.otomoto.pl/osobowe/oferta/opel-mokka-opel-mokka-1-2-automat-full-opcja-ID6FZxw5.html,https://ireland.apollo.olxcdn.com/v1/files/eyJmbiI6ImU4emQyYXdqNTFyMjEtT1RPTU9UT1BMIn0.zPKlVlTx7leUMB0OSTGCrrRLXU9D7H2FryWJWR8QREk/image;s=320x240
Opel Corsa 1.4 120 Lat,45 900 zl,36 490 km,1 398 cm3 • 90 KM • Corsa E 1.4 90KM 120 Lat !!!,https://www.otomoto.pl/osobowe/oferta/opel-corsa-corsa-e-1-4-90km-120-lat-ID6G0RiA.html,https://ireland.apollo.olxcdn.com/v1/files/eyJmbiI6InkxMWw2c3RlNnptNTEtT1RPTU9UT1BMIn0.anXb-Ur5m8JMSg4xIEXv3NUltUhFPh20HicD-hJTf5c/image;s=320x240
OPEL Astra Hatchback Astra VI 1.2 T Elegance S&S aut,113 890 zl,2 km,1199 cm3,"https://carsmile.pl/oferta/opel/astra/hatchback-leasing-wynajem-dlugoterminowy?code=153990-11&finance_type=rent&contract_period=36&utm_source=otomoto&utm_medium=native&utm_campaign=listing&utm_content=ad_block&utm_term=opel-astra-hatchback,opel,,,,,,,,,,,,,,,,&utm_campaign_id=3-4","https://carsmile.pl/resources/offer-images/real-thumb/OPEL,Astra,Hatchback?fallback=cover&size=medium"
Opel Corsa 1.4 Turbo Start/Stop Color Edition,45 500 zl,52 700 km,1 364 cm3 • 150 KM • OPC Line jak nowy,https://www.otomoto.pl/osobowe/oferta/opel-corsa-opc-line-jak-nowy-ID6FPlrx.html,https://ireland.apollo.olxcdn.com/v1/files/eyJmbiI6Imt1bWNpbmdlem1qcTMtT1RPTU9UT1BMIn0.gZVp7_TbM6K_B58IlcKIANkBCah1YBDbblfkazV9DmY/image;s=320x240
Opel Kadett,45 000 zl,55 000 km,1 000 cm3 • 40 KM • Kadett A 1962 Piękny Klasyk,https://www.otomoto.pl/osobowe/oferta/opel-kadett-kadett-a-1962-piekny-klasyk-ID6G1K9Y.html,https://ireland.apollo.olxcdn.com/v1/files/eyJmbiI6Ijk4YTJ1eHQ4cDd2NDMtT1RPTU9UT1BMIn0.3JZ-Rr43tz8pLzsb4J9LdLwiShkRqMtv4MnaQylL18g/image;s=320x240
Opel Adam,44 900 zl,79 000 km,1 398 cm3 • 100 KM • 1.4 B 100PS Otwierany dach Navi Klimatronik JAK NOWY,https://www.otomoto.pl/osobowe/oferta/opel-adam-1-4-b-100ps-otwierany-dach-navi-klimatronik-jak-nowy-ID6FYLRY.html,https://ireland.apollo.olxcdn.com/v1/files/eyJmbiI6InBqaWRlM2o3a2sweTItT1RPTU9UT1BMIn0.x4iqxHEKiIeSvvYHuNYx-Okeu4RN_F9wkxLxYFvA-Ew/image;s=320x240
Opel Adam 1.0 Start/Stop Jam,43 900 zl,31 000 km,999 cm3 • 115 KM • OPEL ADAM 115KM niski przebieg jak nowy,https://www.otomoto.pl/osobowe/oferta/opel-adam-opel-adam-115km-niski-przebieg-jak-nowy-ID6FXLaA.html,https://ireland.apollo.olxcdn.com/v1/files/eyJmbiI6InAyem55cmZvZTNvczEtT1RPTU9UT1BMIn0.pNlh20bmxbpKLEGZqU-sA3vHD4aZX9aJVC7n-qlTHBc/image;s=320x240
Opel Corsa,43 900 zl,18 000 km,1 200 cm3 • 102 KM • Corsa 1.2 bezyna 102 Ps z Niemiec,https://www.otomoto.pl/osobowe/oferta/opel-corsa-corsa-1-2-bezyna-102-ps-z-niemiec-ID6G3SBY.html,https://ireland.apollo.olxcdn.com/v1/files/eyJmbiI6IjM0ZXBzdGtvbmdwbjItT1RPTU9UT1BMIn0.ORtBDWA6qM4GoJJEGBqp9LVvrjOsml2KsFbmiBzTj7c/image;s=320x240
OPEL Astra Hatchback Astra VI 1.2 T Edition S&S,103 500 zl,2 km,1199 cm3,"https://carsmile.pl/oferta/opel/astra/hatchback-leasing-wynajem-dlugoterminowy?code=153987-8&finance_type=rent&contract_period=36&utm_source=otomoto&utm_medium=native&utm_campaign=listing&utm_content=ad_block&utm_term=opel-astra-hatchback,opel,,,,,,,,,,,,,,,,&utm_campaign_id=3-10","https://carsmile.pl/resources/offer-images/real-thumb/OPEL,Astra,Hatchback?fallback=cover&size=medium"
Opel Astra V 1.6 CDTI Enjoy S&S,43 000 zl,107 000 km,1 598 cm3 • 110 KM,https://www.otomoto.pl/osobowe/oferta/opel-astra-ID6FTV6u.html,https://ireland.apollo.olxcdn.com/v1/files/eyJmbiI6IjBiaDRyOWFjZXRiLU9UT01PVE9QTCJ9.nc5ddLHfLVQ703cCZa4zhWCtUhRZ74ATXxz-A11oco8/image;s=320x240
Opel Adam 1.4 Rocks Easytronic,43 000 zl,130 000 km,1 398 cm3 • 87 KM • Opel Adam,https://www.otomoto.pl/osobowe/oferta/opel-adam-opel-adam-ID6G0a1D.html,https://ireland.apollo.olxcdn.com/v1/files/eyJmbiI6IngzYTE4eDRoZm5iODMtT1RPTU9UT1BMIn0.cf1fjxv4rdvv7pDLuhL7JVqV8di0w5emn6NRHUEAvoE/image;s=320x240
Opel Corsa 1.4 Innovation,42 999 zl,81 000 km,"1 398 cm3 • 90 KM • Opel Corsa E Innovation, LPG, Android Auto, Bogata wersja",https://www.otomoto.pl/osobowe/oferta/opel-corsa-opel-corsa-e-innovation-lpg-android-auto-bogata-wersja-ID6G1cA2.html,https://ireland.apollo.olxcdn.com/v1/files/eyJmbiI6InVycmxnd3M5eDNtZDMtT1RPTU9UT1BMIn0.01wV8ijL3_Y-54PWz6WEoMxbY4xBEzKx9z6vYyV4d5U/image;s=320x240
Opel Adam 1.0 Start/Stop Rocks 120 Jahre,42 900 zl,127 000 km,"999 cm3 • 115 KM • Wersja limitowana Rocks na 120lecie, 115 KM, bezwypadkowa",https://www.otomoto.pl/osobowe/oferta/opel-adam-wersja-limitowana-rocks-na-120lecie-115-km-bezwypadkowa-ID6FYRYk.html,https://ireland.apollo.olxcdn.com/v1/files/eyJmbiI6IjM4cjdkMnN3eGZibTMtT1RPTU9UT1BMIn0.wZe3PatKXibsS6aH0wDAS9oqAnBsCGqtdV3B392ullM/image;s=320x240
Opel Corsa 1.4 T 120 Lat S&S,41 900 zl,20 000 km,1 364 cm3 • 100 KM • OPEL CORSA - okazja,https://www.otomoto.pl/osobowe/oferta/opel-corsa-opel-corsa-okazja-ID6FZFWd.html,https://ireland.apollo.olxcdn.com/v1/files/eyJmbiI6InJlZmdwNjhkaHM3cC1PVE9NT1RPUEwifQ.Y_tttWm3yAUvQWnrrJ15lMbTHtDWP7FX_ZVrzzqUiHg/image;s=320x240
OPEL Grandland X Crossover Grandland 1.2 T Business Edition S&S,125 900 zl,2 km,1199 cm3,"https://carsmile.pl/oferta/opel/grandland-x/crossover-leasing-wynajem-dlugoterminowy?code=151609-7&finance_type=rent&contract_period=36&utm_source=otomoto&utm_medium=native&utm_campaign=listing&utm_content=ad_block&utm_term=opel-grandland-x-crossover,opel,,,,,,,,,,,,,,,,&utm_campaign_id=3-16","https://carsmile.pl/resources/offer-images/real-thumb/OPEL,Grandland%20X,Crossover?fallback=cover&size=medium"
Opel Adam,41 900 zl,42 100 km,"1 398 cm3 • 101 KM • OPEL ADAM 2017, 1.4 100KM Przebieg 42100, Najlepszy Silnik, Piękny",https://www.otomoto.pl/osobowe/oferta/opel-adam-opel-adam-2017-1-4-100km-przebieg-42100-najlepszy-silnik-piekny-ID6FFeJG.html,https://ireland.apollo.olxcdn.com/v1/files/eyJmbiI6InZzaGJycWwwMHQ0YTMtT1RPTU9UT1BMIn0.apRRBzWyVBDlCxZ_KoB5Q0XnMoGXWMs1M9_DcoJNeYM/image;s=320x240
Opel Corsa 1.2 120 Jahre,41 900 zl,34 100 km,1 229 cm3 • 70 KM • E 1.2 16V 70 KM 10.2019 r. 34t km!!! *ŁADNA!*,https://www.otomoto.pl/osobowe/oferta/opel-corsa-e-1-2-16v-70-km-10-2019-r-34t-km-ladna-ID6FQ2xZ.html,https://ireland.apollo.olxcdn.com/v1/files/eyJmbiI6ImwwNWF2YjZ6anlnczMtT1RPTU9UT1BMIn0.zMbhleQtT86O2V1MWrkl4WDbLxLAMSIQZfXhyZ63Beg/image;s=320x240
Opel Corsa 1.4 Enjoy S&S,41 500 zl,70 000 km,1 398 cm3 • 90 KM • Opel Corsa E 2017r 1.4B,https://www.otomoto.pl/osobowe/oferta/opel-corsa-opel-corsa-e-2017r-1-4b-ID6G28zz.html,https://ireland.apollo.olxcdn.com/v1/files/eyJmbiI6InVqN2ZwcTF4Z3pwbjMtT1RPTU9UT1BMIn0.gE9OoC-nKkOvuF1IXav6KVe1lGRe_tz1QCSk2bdo93g/image;s=320x240
Opel Corsa 1.4 Enjoy,41 500 zl,41 000 km,"1 398 cm3 • 90 KM • Opel Corsa 1.4 16v , Salon Polska, 1. Właściciel",https://www.otomoto.pl/osobowe/oferta/opel-corsa-opel-corsa-1-4-16v-salon-polska-1-wlasciciel-ID6G0afZ.html,https://ireland.apollo.olxcdn.com/v1/files/eyJmbiI6Iml3bHZ1MmFlaGU4YjItT1RPTU9UT1BMIn0.uOjLHN-2dvPwos10iJipw7KHpCTRSyXEZv0rgA50fSU/image;s=320x240
Opel Corsa 1.4 Color Edition,40 500 zl,87 400 km,1 398 cm3 • 90 KM • Corsa E,https://www.otomoto.pl/osobowe/oferta/opel-corsa-corsa-e-ID6G0mPH.html,https://ireland.apollo.olxcdn.com/v1/files/eyJmbiI6ImxuanpmYXY4ZGRuYzItT1RPTU9UT1BMIn0.a1pI-vrFCynLuhlvG8ZNrPRtAMXPjEFAO5lBtSR7kIc/image;s=320x240
Opel Astra,40 200 zl,163 643 km,1 600 cm3 • 110 KM • Opel Astra,https://www.otomoto.pl/osobowe/oferta/opel-astra-opel-astra-ID6G0LAh.html,https://ireland.apollo.olxcdn.com/v1/files/eyJmbiI6IjBjb3Z6a3U4ZXY4OC1PVE9NT1RPUEwifQ.RvDpt4FbT6_aaDtGz-pBU-zTpKm_pdmGJGJGvCzjuY8/image;s=320x240
Opel Corsa 1.4 T GSi S&S,40 000 zl,50 000 km,1 364 cm3 • 150 KM • GSi - 150KM -Przebieg 50tyś km - książka serwisowa,https://www.otomoto.pl/osobowe/oferta/opel-corsa-gsi-150km-przebieg-50tys-km-ksiazka-serwisowa-ID6G2XM1.html,https://ireland.apollo.olxcdn.com/v1/files/eyJmbiI6ImJsbjdoOXpvMHAxazEtT1RPTU9UT1BMIn0.pK9WSwbzDWyymja0C_5cfn9ppFgjBs1MwdgGSTIZCdI/image;s=320x240
Opel Corsa 1.4 T Cosmo S&S,40 000 zl,152 800 km,1 364 cm3 • 100 KM • OPEL Corsa E 1.4 100KM Benzyna Nawigacja Alufelgi Klimatyzacja,https://www.otomoto.pl/osobowe/oferta/opel-corsa-opel-corsa-e-1-4-100km-benzyna-nawigacja-alufelgi-klimatyzacja-ID6G2a7N.html,https://ireland.apollo.olxcdn.com/v1/files/eyJmbiI6ImtmeXpjczFweGU3YzItT1RPTU9UT1BMIn0.naLfPJx26gzimcBvwCh_Yn8imK7KC_Qr0V4TXAiFX2A/image;s=320x240
Opel Corsa 1.4 Automatik Edition,39 999 zl,51 800 km,1 398 cm3 • 90 KM • automat,https://www.otomoto.pl/osobowe/oferta/opel-corsa-automat-ID6G3dkV.html,https://ireland.apollo.olxcdn.com/v1/files/eyJmbiI6IjFxZnc1dHBiMmd4ODEtT1RPTU9UT1BMIn0._P9VKNPjJvQ1W6sNBtjXeveorHs6X17JxIwXJxpR3KM/image;s=320x240
Opel Corsa 1.2 Edition,39 900 zl,19 400 km,1 229 cm3 • 70 KM • 1.2 benzyna 19 tyś. przebiegu,https://www.otomoto.pl/osobowe/oferta/opel-corsa-1-2-benzyna-19-tys-przebiegu-ID6FNdMn.html,https://ireland.apollo.olxcdn.com/v1/files/eyJmbiI6IjZxcWx2YWZrOWhyeS1PVE9NT1RPUEwifQ.pVpfZyPNE5KY02W2m18P21wdLJl9_LT_LbOLC5yXg2M/image;s=320x240
Opel Corsa 1.2 Color Edition,39 900 zl,7 000 km,1 229 cm3 • 70 KM • E 1.2 benzyna 7tys.km 2019 rok klima elekryka z Niemiec opłacona serwi,https://www.otomoto.pl/osobowe/oferta/opel-corsa-e-1-2-benzyna-7tys-km-2019-rok-klima-elekryka-z-niemiec-oplacona-serwi-ID6G10lY.html,https://ireland.apollo.olxcdn.com/v1/files/eyJmbiI6IjR4bGk0ODY2bG5nai1PVE9NT1RPUEwifQ.MG50Pkjzq6pbUUQ18seJUb6IBk5ugxewpSXXBwLMI6Q/image;s=320x240
Opel Corsa 1.0 Ecotec Turbo (ecoFLEX) Start/Stop Color Edition,39 900 zl,40 000 km,999 cm3 • 90 KM • Benzyna Klima 5drzwi Alu 6biegów Tempomat 40 Tys Km,https://www.otomoto.pl/osobowe/oferta/opel-corsa-benzyna-klima-5drzwi-alu-6biegow-tempomat-40-tys-km-ID6G0YCp.html,https://ireland.apollo.olxcdn.com/v1/files/eyJmbiI6ImNybjR1dXYwdmZ3ZzEtT1RPTU9UT1BMIn0.OWtyN5f5ytlv7Z5MouMWW9BmXJJQZfdvccARFIT_2OY/image;s=320x240
Opel Adam 1.4 Slam,39 900 zl,95 000 km,1 / 6,https://www.otomoto.pl/osobowe/oferta/opel-adam-1-4-100km-carplay-grzane-fotele-i-kierownica-pelny-serwis-bezwypadek-ID6G0SNE.html,https://ireland.apollo.olxcdn.com/v1/files/eyJmbiI6IjZqeW81dWRiY2hqbC1PVE9NT1RPUEwifQ.5nVaGhSOH1QBCJTgiVyiYverPLyC7Hh_cxIe9vJYTHo/image;s=644x461
Opel Corsa 1.0 Ecotec Turbo Start/Stop Active,39 500 zl,36 000 km,999 cm3 • 90 KM • MIEJSKI Opel Corsa,https://www.otomoto.pl/osobowe/oferta/opel-corsa-miejski-opel-corsa-ID6G0yZm.html,https://ireland.apollo.olxcdn.com/v1/files/eyJmbiI6Imd4MjRzcWl2bjZuNjMtT1RPTU9UT1BMIn0.TXDcSxWV_P1PwL2nJH-IiwLVzntp3hvUWJYAAPSp9oM/image;s=320x240
Opel Corsa,39 500 zl,125 000 km,1 398 cm3 • 90 KM • Opel Corsa srebrny stan bardzo dobry gaz 2018r,https://www.otomoto.pl/osobowe/oferta/opel-corsa-opel-corsa-srebrny-stan-bardzo-dobry-gaz-2018r-ID6G3nJR.html,https://ireland.apollo.olxcdn.com/v1/files/eyJmbiI6IjF1b2VvaGI2Y2tlYjItT1RPTU9UT1BMIn0.XylcH-mP9pd9N8u4FZjNPP0Bw66pfAJ351rEoRA1GUI/image;s=320x240
Opel Adam,39 000 zl,40 000 km,999 cm3 • 116 KM • Opel Adam,https://www.otomoto.pl/osobowe/oferta/opel-adam-opel-adam-ID6G3z8O.html,https://ireland.apollo.olxcdn.com/v1/files/eyJmbiI6IndocXJ4azZrdGJ0ZjEtT1RPTU9UT1BMIn0.rfslVk0_-fLEQkuA2XDycyaxtrUVXOlJNm1w-1D7Ku0/image;s=320x240
Opel Adam 1.4 Jam,39 000 zl,51 375 km,"1 398 cm3 • 87 KM • 1,4 benzyna 87KM 51375km Klimatyzacja Alufelgi Tempomat Bluetooth",https://www.otomoto.pl/osobowe/oferta/opel-adam-1-4-benzyna-87km-51375km-klimatyzacja-alufelgi-tempomat-bluetooth-ID6G098g.html,https://ireland.apollo.olxcdn.com/v1/files/eyJmbiI6ImFkcm1icDNsMmFmdzItT1RPTU9UT1BMIn0.Jk4bhBbl_aa4qyDhBJryVtSPwcD9VeJnmZo23n56IgM/image;s=320x240
Opel Adam 1.4 Jam Unlimited S&S,38 990 zl,37 000 km,1 398 cm3 • 87 KM • 1.4 87KM Navi Android Super Stan Import Raty Opłaty !!!,https://www.otomoto.pl/osobowe/oferta/opel-adam-1-4-87km-navi-android-super-stan-import-raty-oplaty-ID6G371a.html,https://ireland.apollo.olxcdn.com/v1/files/eyJmbiI6ImhiNGFra2l2emo0ZDItT1RPTU9UT1BMIn0.oHiD3BV-sBpY1jyYyFZ9udEVBgsxsvXiQhpH6BomldI/image;s=320x240
Opel Corsa 1.4 Turbo (ecoFLEX) Start/Stop Edition,38 900 zl,78 000 km,1 364 cm3 • 100 KM • Opel Corsa E 1.4 Turbo,https://www.otomoto.pl/osobowe/oferta/opel-corsa-opel-corsa-e-1-4-turbo-ID6G0I1b.html,https://ireland.apollo.olxcdn.com/v1/files/eyJmbiI6Ijdvc3lyYTZkaDU3bTEtT1RPTU9UT1BMIn0.mK84S8b3M5EkXgxh0eMaw6Hsx7mEDpHHgLcoW8xZ4zw/image;s=320x240
OPEL Mokka-e Crossover Mokka-e Elegance,154 200 zl,2 km,,"https://carsmile.pl/oferta/opel/mokka-e/crossover-leasing-wynajem-dlugoterminowy?code=146175-6&finance_type=rent&contract_period=36&utm_source=otomoto&utm_medium=native&utm_campaign=listing&utm_content=ad_block&utm_term=opel-mokka-e-crossover,opel,,,,,,,,,,,,,,,,&utm_campaign_id=3-undefined","https://carsmile.pl/resources/offer-images/real-thumb/OPEL,Mokka-e,Crossover?fallback=cover&size=medium"
Opel Adam,38 900 zl,119 000 km,1 398 cm3 • 100 KM • Piękny Stan! Super Okazja! 2013r,https://www.otomoto.pl/osobowe/oferta/opel-adam-piekny-stan-super-okazja-2013r-ID6G3AlD.html,https://ireland.apollo.olxcdn.com/v1/files/eyJmbiI6IndlNTBnN2o4a3Q2NC1PVE9NT1RPUEwifQ.Fc-OlNRdHyTtc9xl6HMoCrwOrJvVKB3FGkKL-j04mqc/image;s=320x240
Opel Astra III GTC 2.0 T OPC,38 900 zl,188 000 km,1 998 cm3 • 240 KM • Opel Astra H OPC 420KM/516Nm,https://www.otomoto.pl/osobowe/oferta/opel-astra-opel-astra-h-opc-420km-516nm-ID6FTnPa.html,https://ireland.apollo.olxcdn.com/v1/files/eyJmbiI6InF5Ymc5aXFwam85YS1PVE9NT1RPUEwifQ.3DwAT9N9ejw_y4eRcC5hu9UL73U7PuWO3XBptQTTHGY/image;s=320x240
Opel Karl 1.0 Rocks,38 900 zl,33 000 km,999 cm3 • 75 KM • * ROCKS * Serwis * GetHelp *,https://www.otomoto.pl/osobowe/oferta/opel-karl-rocks-serwis-gethelp-ID6FLFfo.html,https://ireland.apollo.olxcdn.com/v1/files/eyJmbiI6Imd3eDRiMGtiOW1tYjMtT1RPTU9UT1BMIn0.WhYWJ1YaJEAyUlvCQ859u6zhYBlaLcuv8eZs-D0v5Og/image;s=320x240
OPEL Astra Hatchback Astra VI 1.2 T GS S&S aut,126 000 zl,2 km,1199 cm3,"https://carsmile.pl/oferta/opel/astra/hatchback-leasing-wynajem-dlugoterminowy?code=158048-4&finance_type=rent&contract_period=36&utm_source=otomoto&utm_medium=native&utm_campaign=listing&utm_content=ad_block&utm_term=opel-astra-hatchback,opel,,,,,,,,,,,,,,,,&utm_campaign_id=4-4","https://carsmile.pl/resources/offer-images/real-thumb/OPEL,Astra,Hatchback?fallback=cover&size=medium"
Opel Corsa 1.0 Turbo Start/Stop On,38 500 zl,69 200 km,"999 cm3 • 115 KM • OPEL CORSA E 1.0 benzyna TURBO 115 KM, przebieg 69 200km!!! Polecam!!!",https://www.otomoto.pl/osobowe/oferta/opel-corsa-opel-corsa-e-1-0-benzyna-turbo-115-km-przebieg-69-200km-polecam-ID6FU6M5.html,https://ireland.apollo.olxcdn.com/v1/files/eyJmbiI6InN0YzFscXNqa3RhbTEtT1RPTU9UT1BMIn0.WDTCBQcYU8IKc-vcoJdvokp08kdrJHZmMVFGcxcq-I4/image;s=320x240
Opel Corsa 1.4 Color Edition,38 499 zl,53 100 km,"1 398 cm3 • 90 KM • Niski przebieg, Klasyczny automat, fabryczne LEDy, Klima",https://www.otomoto.pl/osobowe/oferta/opel-corsa-niski-przebieg-klasyczny-automat-fabryczne-ledy-klima-ID6G1paT.html,https://ireland.apollo.olxcdn.com/v1/files/eyJmbiI6Imt5YmxwbDExczVvdjItT1RPTU9UT1BMIn0.BXL2t7ekLu729rBEy_AH_YadzuCZfnccUoUtKm3KKnM/image;s=320x240
Opel Corsa 1.2 Edition,37 999 zl,52 000 km,1 229 cm3 • 70 KM • Corsas E 1.2 Edition klima serwis navi po opłatach super stan...,https://www.otomoto.pl/osobowe/oferta/opel-corsa-corsas-e-1-2-edition-klima-serwis-navi-po-oplatach-super-stan-ID6G1JMi.html,https://ireland.apollo.olxcdn.com/v1/files/eyJmbiI6ImdxNzJqdWk4OWx3bzEtT1RPTU9UT1BMIn0.ZKFRh3hPHptHQ42iRzcUXNznu4eaEJshOIvofYV_gNA/image;s=320x240
Opel Astra,37 900 zl,209 216 km,1 598 cm3 • 170 KM • Wersja opc line pierwszy właściciel stan idealny,https://www.otomoto.pl/osobowe/oferta/opel-astra-wersja-opc-line-pierwszy-wlasciciel-stan-idealny-ID6G1qSh.html,https://ireland.apollo.olxcdn.com/v1/files/eyJmbiI6ImgwNWx4djJhYW1ndi1PVE9NT1RPUEwifQ.JxFi2GiygqUqupG2Wu9KHw66GsJmWl4pziksI3WiaUA/image;s=320x240
Opel Corsa 1.0 Ecotec Turbo (ecoFLEX) Start/Stop Edition,37 900 zl,54 130 km,999 cm3 • 90 KM,https://www.otomoto.pl/osobowe/oferta/opel-corsa-ID6FU7P2.html,https://ireland.apollo.olxcdn.com/v1/files/eyJmbiI6InM2N2pzMHFxaTFkbjMtT1RPTU9UT1BMIn0.b9A8HsC7WUY3UL4C7JIuTFeNRPBt5RcXmRuWerzPZZE/image;s=320x240
OPEL Astra Hatchback Astra VI 1.2 T Elegance S&S aut,121 700 zl,2 km,1199 cm3,"https://carsmile.pl/oferta/opel/astra/hatchback-leasing-wynajem-dlugoterminowy?code=153990-10&finance_type=rent&contract_period=36&utm_source=otomoto&utm_medium=native&utm_campaign=listing&utm_content=ad_block&utm_term=opel-astra-hatchback,opel,,,,,,,,,,,,,,,,&utm_campaign_id=4-10","https://carsmile.pl/resources/offer-images/real-thumb/OPEL,Astra,Hatchback?fallback=cover&size=medium"
Opel Astra,37 900 zl,87 345 km,1 398 cm3 • 100 KM • Pierwszy właściciel!!!,https://www.otomoto.pl/osobowe/oferta/opel-astra-pierwszy-wlasciciel-ID6FOSbo.html,https://ireland.apollo.olxcdn.com/v1/files/eyJmbiI6Im9jeTY3cHB3Y2o1cDItT1RPTU9UT1BMIn0._7zTMnDgxIwhp9GesOC5Ev5AjJfWDjsbhPnKVG1j5RY/image;s=320x240
Opel Corsa 1.4 Enjoy,37 900 zl,136 000 km,1 398 cm3 • 90 KM • Opel Corsa 1.4 Enjoy,https://www.otomoto.pl/osobowe/oferta/opel-corsa-opel-corsa-1-4-enjoy-ID6FU5Bq.html,https://ireland.apollo.olxcdn.com/v1/files/eyJmbiI6IjBpYzgyOXQyNzVrYi1PVE9NT1RPUEwifQ.vzEYUZyRkLtHbkYwNQr-NuAZ5VYRPL1iRxh8yTzZEDM/image;s=320x240
Opel Corsa 1.4 Cosmo,37 900 zl,51 000 km,"1 398 cm3 • 90 KM • 1,4 Benzyna Automat Serwis Podgrzewana kierownica Opłacony !!",https://www.otomoto.pl/osobowe/oferta/opel-corsa-1-4-benzyna-automat-serwis-podgrzewana-kierownica-oplacony-ID6G0oIw.html,https://ireland.apollo.olxcdn.com/v1/files/eyJmbiI6IjR6MGpoemx4bGV1dzItT1RPTU9UT1BMIn0.L3yVigVRCWY3wQ9PzUFpvVsyffm3avTwclMMWm4riDk/image;s=320x240
Opel Adam 1.4 EcoFLEX Start/Stop White Link,37 800 zl,43 000 km,"1 398 cm3 • 100 KM • 1.4benzyna,100km,przebieg 43tyś km,bogata wersja,polecam",https://www.otomoto.pl/osobowe/oferta/opel-adam-1-4benzyna-100km-przebieg-43tys-km-bogata-wersja-polecam-ID6G1kNH.html,https://ireland.apollo.olxcdn.com/v1/files/eyJmbiI6ImNoeGl0N2ptcWJ3ajMtT1RPTU9UT1BMIn0.o_VQKUw4Gv7qtGWOiBPI25-UDCpnPNxc8ySS5IT-PO0/image;s=320x240
Opel Adam,37 000 zl,61 000 km,1 398 cm3 • 87 KM • OPEL ADAM 1.4 JAM tablet,https://www.otomoto.pl/osobowe/oferta/opel-adam-opel-adam-1-4-jam-tablet-ID6FPLl6.html,https://ireland.apollo.olxcdn.com/v1/files/eyJmbiI6IjFsaTJqZG14ODl3Zi1PVE9NT1RPUEwifQ.QDivgfjKTGwKP9TTLkE40qAixj7F74OHC2tdaCuO7x0/image;s=320x240
OPEL Astra Hatchback Astra VI 1.5 CDTI Elegance S&S aut,120 900 zl,2 km,1498 cm3,"https://carsmile.pl/oferta/opel/astra/hatchback-leasing-wynajem-dlugoterminowy?code=154001-11&finance_type=rent&contract_period=36&utm_source=otomoto&utm_medium=native&utm_campaign=listing&utm_content=ad_block&utm_term=opel-astra-hatchback,opel,,,,,,,,,,,,,,,,&utm_campaign_id=4-16","https://carsmile.pl/resources/offer-images/real-thumb/OPEL,Astra,Hatchback?fallback=cover&size=medium"
Opel Astra IV 1.4 T Sport,37 000 zl,170 000 km,1 364 cm3 • 120 KM • Opel Astra 1.4 Sport,https://www.otomoto.pl/osobowe/oferta/opel-astra-opel-astra-1-4-sport-ID6G0oLR.html,https://ireland.apollo.olxcdn.com/v1/files/eyJmbiI6Im11OG9zdXlmdzQxdy1PVE9NT1RPUEwifQ.N9EVAhGa2ZakXQgg7IWwolxtthhY4vL3JF_lnOlQG_Y/image;s=320x240
Opel Corsa 1.4 Color Edition S&S,36 900 zl,69 000 km,"1 398 cm3 • 90 KM • OPEL CORSA 1,4B 69 tyś stan perfekcyjny PDW dotyk klimatronik",https://www.otomoto.pl/osobowe/oferta/opel-corsa-opel-corsa-1-4b-69-tys-stan-perfekcyjny-pdw-dotyk-klimatronik-ID6FWeo2.html,https://ireland.apollo.olxcdn.com/v1/files/eyJmbiI6Ijc1d3lneWZxaWVsbTMtT1RPTU9UT1BMIn0.AITaR6spKbObUFqG_46Ffh-5GNXgYSD_9QwcWb6Q7KM/image;s=320x240
Opel Corsa 1.4 Color Edition S&S,36 900 zl,180 000 km,1 398 cm3 • 90 KM • 1.4 90KMEdition S&S,https://www.otomoto.pl/osobowe/oferta/opel-corsa-1-4-90kmedition-s-s-ID6FZCVr.html,https://ireland.apollo.olxcdn.com/v1/files/eyJmbiI6Ijc1d3lneWZxaWVsbTMtT1RPTU9UT1BMIn0.AITaR6spKbObUFqG_46Ffh-5GNXgYSD_9QwcWb6Q7KM/image;s=320x240
Opel Corsa 1.4 Automatik Edition,36 900 zl,100 000 km,1 398 cm3 • 90 KM • 40fotek automat piękny kolor,https://www.otomoto.pl/osobowe/oferta/opel-corsa-40fotek-automat-piekny-kolor-ID6G3Lx8.html,https://ireland.apollo.olxcdn.com/v1/files/eyJmbiI6IjUzYXFodWYwbjdhcTEtT1RPTU9UT1BMIn0.eo9OVCFfXDejg1BPxL_07SCEAtgNzgdqwP2PsuPFxFw/image;s=320x240
Opel Adam,36 900 zl,140 000 km,1 398 cm3 • 100 KM • 1.4 Benzyna wersja ROCKS Otwierany DACH Gwarancja,https://www.otomoto.pl/osobowe/oferta/opel-adam-1-4-benzyna-wersja-rocks-otwierany-dach-gwarancja-ID6FLWSN.html,https://ireland.apollo.olxcdn.com/v1/files/eyJmbiI6InF0cnk0d3J6amQ4djEtT1RPTU9UT1BMIn0.DYo3cys0UwhrY4iN7gZcN2hkcNp2eXjEspTRTqVTZmM/image;s=320x240
Opel Corsa 1.3 CDTI Cosmo EcoFLEX S&S,36 900 zl,109 000 km,1 248 cm3 • 95 KM,https://www.otomoto.pl/osobowe/oferta/opel-corsa-ID6FWlyi.html,https://ireland.apollo.olxcdn.com/v1/files/eyJmbiI6InNpZmtqemZzbHhkdDMtT1RPTU9UT1BMIn0.Myz_JUQ4zARekwdb8-V38_CVEs-WtMnmfHh_KJoGPFM/image;s=320x240
Opel Adam,36 900 zl,46 700 km,1 398 cm3 • 87 KM • 1.4 Sprowadzony Niski przebieg,https://www.otomoto.pl/osobowe/oferta/opel-adam-1-4-sprowadzony-niski-przebieg-ID6G2INv.html,https://ireland.apollo.olxcdn.com/v1/files/eyJmbiI6ImdvdTBlemxjYWt5YTMtT1RPTU9UT1BMIn0.oKh5ZIkJLWUt9_k08dBR5Vc_8UKsYRxZycaMqoBSWto/image;s=320x240
Opel Corsa 1.2 drive,36 700 zl,88 650 km,1 229 cm3 • 70 KM • Opel Corsa E 1.2 Drive,https://www.otomoto.pl/osobowe/oferta/opel-corsa-opel-corsa-e-1-2-drive-ID6G3QBw.html,https://ireland.apollo.olxcdn.com/v1/files/eyJmbiI6Im5nb2p4c3JyajVnNjItT1RPTU9UT1BMIn0.8kIauG4t4deOODFZfQlEvvlvKBERA2IS3T0hhDV41L8/image;s=320x240
Opel Adam 1.2 Glam S&S,36 700 zl,100 000 km,1 229 cm3 • 70 KM • OrgPrzebieg 100tyś km*Klima*TABLET*Wspomaganie CITY*STAN BDB*Opłacony*,https://www.otomoto.pl/osobowe/oferta/opel-adam-orgprzebieg-100tys-kmklimatabletwspomaganie-citystan-bdboplacony-ID6FY1CO.html,https://ireland.apollo.olxcdn.com/v1/files/eyJmbiI6ImQ1NjV3MGxwd2x4YzItT1RPTU9UT1BMIn0.S5Lomo2LCfM9xoO7TlgJEQ4WivAQQnj3ykc9zqFUNAk/image;s=320x240
Opel Astra IV 1.4 T Enjoy,35 999 zl,146 035 km,1 364 cm3 • 120 KM • pierwszy właściciel - regularny serwis,https://www.otomoto.pl/osobowe/oferta/opel-astra-pierwszy-wlasciciel-regularny-serwis-ID6FWokg.html,https://ireland.apollo.olxcdn.com/v1/files/eyJmbiI6IjM4M3BqaTloeTFzYTMtT1RPTU9UT1BMIn0.RxzxvOq9CNg8aUADaWYkSlgPD_rJm1y6Uosw_HYGHKM/image;s=320x240
Opel Astra IV 1.4 T Enjoy,35 999 zl,170 000 km,1 364 cm3 • 120 KM • pierwszy właściciel - regularny serwis,https://www.otomoto.pl/osobowe/oferta/opel-astra-pierwszy-wlasciciel-regularny-serwis-ID6G2uFS.html,https://ireland.apollo.olxcdn.com/v1/files/eyJmbiI6ImRoYWNnemhmNnAydTEtT1RPTU9UT1BMIn0.wyeUBtKoUhMTFqFcGh0g_MHfXzaD1hpGgcO6eq1pBmc/image;s=320x240
Opel Corsa 1.2 Active,35 900 zl,93 000 km,1 229 cm3 • 70 KM • 1 Właściciel,https://www.otomoto.pl/osobowe/oferta/opel-corsa-1-wlasciciel-ID6FMRg3.html,https://ireland.apollo.olxcdn.com/v1/files/eyJmbiI6ImR6eDlzOHM1Yng5aDEtT1RPTU9UT1BMIn0.p6-P-HE4IYqTHjtuEbHCh-YZwrZMwq9iCSqOT8oDq4A/image;s=320x240
Opel Corsa 1.4 Selection,35 900 zl,139 000 km,1 398 cm3 • 90 KM • Jeden Właściciel Bezwypadkowy Super Stan,https://www.otomoto.pl/osobowe/oferta/opel-corsa-jeden-wlasciciel-bezwypadkowy-super-stan-ID6G10A5.html,https://ireland.apollo.olxcdn.com/v1/files/eyJmbiI6ImQ4bjBuandlaXk4bS1PVE9NT1RPUEwifQ.EVLX5dJwymhCVyn6M-U68XARezB-FZbVuORCfD-_L8Y/image;s=320x240
Opel Corsa 1.0 Ecotec Turbo ecoFLEX Start/Stop Active,35 900 zl,145 232 km,999 cm3 • 115 KM • Xenon+LEDY+Podgrzew Kierow+City+Podg szyba+FULL+FULL,https://www.otomoto.pl/osobowe/oferta/opel-corsa-xenon-ledy-podgrzew-kierow-city-podg-szyba-full-full-ID6G2hc5.html,https://ireland.apollo.olxcdn.com/v1/files/eyJmbiI6ImUya3JjaG5pbDVlMzItT1RPTU9UT1BMIn0.AX9VmDkNCdgEw1rSnTvjIXkOAJmhSsEoI9ROKAlk8t0/image;s=320x240
Opel Crossland X,34 999 zl,30 000 km,1 499 cm3 • 120 KM • Opel Crossland X 1.5 CDTi 120KM Automat Asystenci Klima Navi Polecam!,https://www.otomoto.pl/osobowe/oferta/opel-crossland-x-opel-crossland-x-1-5-cdti-120km-automat-asystenci-klima-navi-polecam-ID6G0w7z.html,https://ireland.apollo.olxcdn.com/v1/files/eyJmbiI6InBqaDN1YXFkNzl2Zy1PVE9NT1RPUEwifQ.vWvftk3Itx1x7HS9jU6CvzLxYeNyj5gxBxdkNeUk6J8/image;s=320x240
Opel Adam 1.0 Start/Stop Black Jack,34 990 zl,107 500 km,999 cm3 • 115 KM • Serwis 1.0 115KM,https://www.otomoto.pl/osobowe/oferta/opel-adam-serwis-1-0-115km-ID6G3dOy.html,https://ireland.apollo.olxcdn.com/v1/files/eyJmbiI6IndjbHdjMDEzenIwYTEtT1RPTU9UT1BMIn0.ovQFo4ik2N9vt_xtylb3GmGOwvNZjFiozCG8zuQNq3c/image;s=320x240
Opel Corsa,34 900 zl,48 000 km,"1 229 cm3 • 70 KM • 1,2 / 70 KM / Jak Nowy / LED / Tempomat / Salon PL / FV / Gwarancja",https://www.otomoto.pl/osobowe/oferta/opel-corsa-1-2-70-km-jak-nowy-led-tempomat-salon-pl-fv-gwarancja-ID6G2vry.html,https://ireland.apollo.olxcdn.com/v1/files/eyJmbiI6InM0bTdlZmhhc3hsMzEtT1RPTU9UT1BMIn0.DOZERX5v__sSTOaGIpmbGyrjiScpSCmcZ71do7VS1Wc/image;s=320x240
Opel Adam 1.0 Start/Stop Jam,34 900 zl,44 700 km,999 cm3 • 90 KM • Opel Adam,https://www.otomoto.pl/osobowe/oferta/opel-adam-opel-adam-ID6FU3rP.html,https://ireland.apollo.olxcdn.com/v1/files/eyJmbiI6IjZzMDZyMjc3MXRycDItT1RPTU9UT1BMIn0.6C6Oj-bwhTPbz_IstF_d_R1S3q-dlwmVPDDaEtl9ZRo/image;s=320x240
Opel Astra 1.0 Turbo Start/Stop Active,34 900 zl,97 000 km,999 cm3 • 105 KM • Opel Astra K Niski przebieg,https://www.otomoto.pl/osobowe/oferta/opel-astra-opel-astra-k-niski-przebieg-ID6G15Xa.html,https://ireland.apollo.olxcdn.com/v1/files/eyJmbiI6ImN4eW4xMWtmOXh6MjItT1RPTU9UT1BMIn0.woeVIYzt8uGCrs7Wp3Rb-Y8cSFBvWtlF709d6nxXQDI/image;s=320x240
OPEL Grandland X SUV Grandland X 1.2 T Enjoy S&S,70 000 zl,2 km,1199 cm3,"https://carsmile.pl/oferta/opel/grandland-x/suv/W0VZRHNS4LS019011-leasing-wynajem-dlugoterminowy?code=127844-2&finance_type=rent&contract_period=36&utm_source=otomoto&utm_medium=native&utm_campaign=listing&utm_content=ad_block&utm_term=opel-grandland-x-suv,opel,,,,,,,,,,,,,,,,&utm_campaign_id=4-undefined","https://carsmile.pl/resources/offer-images/real-thumb/OPEL,Grandland%20X,SUV?fallback=cover&size=medium"
